{
  "fragment/HodRemarks.fragment.xml": 1709793999619,
  "model/models.js": 1708502658924,
  "manifest.json": 1710755061094,
  "model/formatter.js": 1709818958551,
  "controller/Upload.controller.js": 1710754493065,
  "Component.js": 1709829079878,
  "Component-preload.js": 1710755061287,
  "model/models-dbg.js": 1708502658924,
  "model/formatter-dbg.js": 1709818958551,
  "controller/Upload-dbg.controller.js": 1710754493065,
  "Component-dbg.js": 1709829079878,
  "view/Upload.view.xml": 1710754909960,
  "view/App.view.xml": 1708503782755,
  "i18n/i18n.properties": 1709746220828,
  "fragment/FinAction.fragment.xml": 1709636120234,
  "fragment/Edit.fragment.xml": 1710754470845,
  "fragment/Create.fragment.xml": 1710754505341,
  "fragment/Attachment.fragment.xml": 1708945829214,
  "css/style.css": 1708502658928,
  "index.html": 1709808429049
}