{
  "model/formatter.js": 1709818958551,
  "manifest.json": 1709881802543,
  "model/models.js": 1708502658924,
  "i18n/i18n.properties": 1709746220828,
  "controller/Upload.controller.js": 1709881514392,
  "Component.js": 1709829079878,
  "Component-preload.js": 1709881802724,
  "model/formatter-dbg.js": 1709818958551,
  "model/models-dbg.js": 1708502658924,
  "controller/Upload-dbg.controller.js": 1709881514392,
  "Component-dbg.js": 1709829079878,
  "view/Upload.view.xml": 1709835558388,
  "view/App.view.xml": 1708503782755,
  "fragment/HodRemarks.fragment.xml": 1709793999619,
  "fragment/FinAction.fragment.xml": 1709636120234,
  "fragment/F4Help.fragment.xml": 1708511311839,
  "fragment/Edit.fragment.xml": 1709830748382,
  "fragment/Create.fragment.xml": 1709794625179,
  "fragment/Attachment.fragment.xml": 1708945829214,
  "css/style.css": 1708502658928,
  "index.html": 1709808429049
}