{
  "index.html": 1709808429049,
  "controller/Upload.controller.js": 1709903190741,
  "model/models.js": 1708502658924,
  "model/formatter.js": 1709818958551,
  "manifest.json": 1709912946084,
  "Component.js": 1709829079878,
  "Component-preload.js": 1709912946267,
  "Component-dbg.js": 1709829079878,
  "model/formatter-dbg.js": 1709818958551,
  "controller/Upload-dbg.controller.js": 1709903190741,
  "model/models-dbg.js": 1708502658924,
  "view/Upload.view.xml": 1709835558388,
  "view/App.view.xml": 1708503782755,
  "fragment/HodRemarks.fragment.xml": 1709793999619,
  "fragment/FinAction.fragment.xml": 1709636120234,
  "fragment/Edit.fragment.xml": 1709889953975,
  "fragment/Create.fragment.xml": 1709889940455,
  "fragment/Attachment.fragment.xml": 1708945829214,
  "css/style.css": 1708502658928,
  "i18n/i18n.properties": 1709746220828
}