{
  "index.html": 1709808429049,
  "model/models.js": 1708502658924,
  "manifest.json": 1714203500551,
  "model/formatter.js": 1713784657625,
  "controller/Upload.controller.js": 1714203113433,
  "Component.js": 1714203199329,
  "Component-preload.js": 1714203500977,
  "model/models-dbg.js": 1708502658924,
  "model/formatter-dbg.js": 1713784657625,
  "controller/Upload-dbg.controller.js": 1714203113433,
  "Component-dbg.js": 1714203199329,
  "view/Upload.view.xml": 1713786601624,
  "view/App.view.xml": 1713780475578,
  "fragment/HodRemarks.fragment.xml": 1709793999619,
  "fragment/FinAction.fragment.xml": 1709636120234,
  "fragment/Edit.fragment.xml": 1710754470845,
  "fragment/Create.fragment.xml": 1710754505341,
  "fragment/Attachment.fragment.xml": 1708945829214,
  "css/style.css": 1713776548514,
  "i18n/i18n.properties": 1711604423902
}