{
  "css/style.css": 1708502658928,
  "Component.js": 1709038241425,
  "model/models.js": 1708502658924,
  "model/formatter.js": 1709031869324,
  "controller/Upload.controller.js": 1709040530921,
  "manifest.json": 1709040571091,
  "Component-preload.js": 1709040571266,
  "model/models-dbg.js": 1708502658924,
  "model/formatter-dbg.js": 1709031869324,
  "controller/Upload-dbg.controller.js": 1709040530921,
  "Component-dbg.js": 1709038241425,
  "view/Upload.view.xml": 1709031748358,
  "view/App.view.xml": 1708503782755,
  "fragment/HodRemarks.fragment.xml": 1708541924261,
  "fragment/FinAction.fragment.xml": 1708541878797,
  "fragment/F4Help.fragment.xml": 1708511311839,
  "fragment/Edit.fragment.xml": 1709032417672,
  "fragment/Create.fragment.xml": 1709028602591,
  "fragment/Attachment.fragment.xml": 1708945829214,
  "i18n/i18n.properties": 1708927512994,
  "index.html": 1708502658916
}