{
  "Component-dbg.js": 1718184804153,
  "manifest.json": 1718258201129,
  "model/models.js": 1708502658924,
  "model/formatter.js": 1718176741934,
  "controller/Upload.controller.js": 1718258156357,
  "Component.js": 1718184804153,
  "Component-preload.js": 1718258201598,
  "model/models-dbg.js": 1708502658924,
  "model/formatter-dbg.js": 1718176741934,
  "controller/Upload-dbg.controller.js": 1718258156357,
  "i18n/i18n.properties": 1711604423902,
  "view/Upload.view.xml": 1718186027594,
  "view/App.view.xml": 1713780475578,
  "fragment/ValueHelp.fragment.xml": 1717487289078,
  "fragment/HodRemarks.fragment.xml": 1717686949133,
  "fragment/FinAction.fragment.xml": 1709636120234,
  "fragment/Edit.fragment.xml": 1718185781010,
  "fragment/Create.fragment.xml": 1718185731590,
  "fragment/Attachment.fragment.xml": 1717685524070,
  "fragment/ApprovalHistory.fragment.xml": 1717741443349,
  "css/style.css": 1713776548514,
  "index.html": 1709808429049
}