{
  "css/style.css": 1708502658928,
  "model/formatter.js": 1709638057138,
  "model/models.js": 1708502658924,
  "manifest.json": 1709638938495,
  "controller/Upload.controller.js": 1709638810407,
  "Component.js": 1709038241425,
  "Component-preload.js": 1709638938885,
  "Component-dbg.js": 1709038241425,
  "model/formatter-dbg.js": 1709638057138,
  "controller/Upload-dbg.controller.js": 1709638810407,
  "model/models-dbg.js": 1708502658924,
  "view/Upload.view.xml": 1709031748358,
  "view/App.view.xml": 1708503782755,
  "fragment/HodRemarks.fragment.xml": 1709636839259,
  "fragment/FinAction.fragment.xml": 1709636120234,
  "fragment/F4Help.fragment.xml": 1708511311839,
  "fragment/Edit.fragment.xml": 1709206222550,
  "fragment/Create.fragment.xml": 1709193851297,
  "fragment/Attachment.fragment.xml": 1708945829214,
  "i18n/i18n.properties": 1708927512994,
  "index.html": 1708502658916
}